{
  "macro_f1": 0.13737380223377468,
  "accuracy": 0.15,
  "weighted_f1": 0.14847655977394605,
  "macro_precision": 0.14210828475534357,
  "macro_recall": 0.1499867724867725,
  "num_predictions": 180,
  "confusion_matrix": [
    [
      8,
      6,
      10,
      5,
      8,
      8
    ],
    [
      12,
      3,
      7,
      1,
      9,
      8
    ],
    [
      4,
      7,
      9,
      3,
      5,
      7
    ],
    [
      6,
      5,
      4,
      1,
      5,
      4
    ],
    [
      5,
      2,
      3,
      0,
      3,
      7
    ],
    [
      1,
      4,
      3,
      0,
      4,
      3
    ]
  ],
  "per_class": {
    "1": {
      "f1": 0.19753086419753085,
      "precision": 0.2222222222222222,
      "recall": 0.17777777777777778,
      "support": 45
    },
    "2": {
      "f1": 0.08955223880597014,
      "precision": 0.1111111111111111,
      "recall": 0.075,
      "support": 40
    },
    "3": {
      "f1": 0.2535211267605634,
      "precision": 0.25,
      "recall": 0.2571428571428571,
      "support": 35
    },
    "4": {
      "f1": 0.05714285714285714,
      "precision": 0.1,
      "recall": 0.04,
      "support": 25
    },
    "5": {
      "f1": 0.1111111111111111,
      "precision": 0.08823529411764706,
      "recall": 0.15,
      "support": 20
    },
    "6": {
      "f1": 0.11538461538461539,
      "precision": 0.08108108108108109,
      "recall": 0.2,
      "support": 15
    }
  }
}