{
  "macro_f1": 0.08386020457375087,
  "accuracy": 0.1,
  "weighted_f1": 0.07919842322027092,
  "macro_precision": 0.15945496842804915,
  "macro_recall": 0.14966931216931215,
  "num_predictions": 180,
  "confusion_matrix": [
    [
      2,
      2,
      1,
      6,
      14,
      20
    ],
    [
      0,
      3,
      2,
      2,
      13,
      20
    ],
    [
      3,
      1,
      1,
      3,
      11,
      16
    ],
    [
      1,
      2,
      1,
      0,
      14,
      7
    ],
    [
      0,
      1,
      0,
      3,
      3,
      13
    ],
    [
      0,
      1,
      1,
      0,
      4,
      9
    ]
  ],
  "per_class": {
    "1": {
      "f1": 0.0784313725490196,
      "precision": 0.3333333333333333,
      "recall": 0.044444444444444446,
      "support": 45
    },
    "2": {
      "f1": 0.12,
      "precision": 0.3,
      "recall": 0.075,
      "support": 40
    },
    "3": {
      "f1": 0.04878048780487805,
      "precision": 0.16666666666666666,
      "recall": 0.02857142857142857,
      "support": 35
    },
    "4": {
      "f1": 0.0,
      "precision": 0.0,
      "recall": 0.0,
      "support": 25
    },
    "5": {
      "f1": 0.0759493670886076,
      "precision": 0.05084745762711865,
      "recall": 0.15,
      "support": 20
    },
    "6": {
      "f1": 0.18,
      "precision": 0.10588235294117647,
      "recall": 0.6,
      "support": 15
    }
  }
}